,gene1,gene2,ins,mPath,score
0,G:HGNC:6932,G:HGNC:24086,2,GTG,0.1111111111111111
1,G:HGNC:6932,G:HGNC:7,1,GTG,0.043478260869565216
